{
  "project_info": {
    "project_number": "331403102362",
    "firebase_url": "https://parkcure-development.firebaseio.com",
    "project_id": "parkcure-development",
    "storage_bucket": "parkcure-development.appspot.com"
  },
  "client": [
    {
      "client_info": {
        "mobilesdk_app_id": "1:331403102362:android:e91a726fdab3c164",
        "android_client_info": {
          "package_name": "com.parkcure.parkcure"
        }
      },
      "oauth_client": [
        {
          "client_id": "331403102362-hck8negarc3pht32hv3bsob5sqjk4q9e.apps.googleusercontent.com",
          "client_type": 3
        }
      ],
      "api_key": [
        {
          "current_key": "AIzaSyD2GsUGFK95vkQUtuTvMzH-6tAC4-iTJJE"
        }
      ],
      "services": {
        "analytics_service": {
          "status": 1
        },
        "appinvite_service": {
          "status": 1,
          "other_platform_oauth_client": []
        },
        "ads_service": {
          "status": 2
        }
      }
    }
  ],
  "configuration_version": "1"
}